N,churn_rate,mean_fr_ms,mean_icc_ms,mean_speedup,mean_efficiency_pct,std_efficiency_pct,test_used,test_statistic,p_value,significant,h1_criterion,n_batches_used,is_reduced_batch_count,notes
50000,0.01,143851.86762666758,580845.3107066686,0.2477848300896428,-304.1532090419498,14.973241284592174,Paired T-Test,-132.4695935214662,4.286707530161127e-23,True,ICC_SLOWER,15,False,
50000,0.05,172540.42916000087,791154.3131133348,0.2180714560737216,-362.0193324245917,40.05734609966128,Wilcoxon Signed-Rank,0.0,1.0,False,ICC_SLOWER,15,False,
50000,0.1,222145.2729400053,907059.478840001,0.2464665341425951,-317.451748862865,75.81020023610292,Wilcoxon Signed-Rank,0.0,1.0,False,ICC_SLOWER,15,False,
10000,0.01,4156.593066665421,22538.992436664925,0.1851095425581504,-442.8161957737262,38.47407023695393,Paired T-Test,-63.6060354277829,1.06362812883682e-32,True,ICC_SLOWER,30,False,
10000,0.05,4618.28351333279,28196.17466333281,0.1641680295647959,-514.3223539768326,57.474180285914144,Wilcoxon Signed-Rank,0.0,1.0,False,ICC_SLOWER,30,False,
10000,0.1,5909.124393335151,30763.202299999466,0.1904861182973378,-441.66724278204856,97.18656329279099,Wilcoxon Signed-Rank,0.0,1.0,False,ICC_SLOWER,30,False,
