N,churn_rate,mean_fr_ms,mean_icc_ms,mean_speedup,mean_efficiency_pct,std_efficiency_pct,test_used,test_statistic,p_value,significant,h1_criterion,n_batches_used,is_reduced_batch_count,notes
10000,0.01,4220.91507333098,23460.06049332985,0.1806634759431407,-457.4235271873032,46.72180713721296,Paired T-Test,-44.07888146485358,2.015266917157025e-16,True,ICC_SLOWER,15,False,
10000,0.05,4422.3189733321005,28737.60741999916,0.1539665492710355,-553.6530946232273,51.0760811299701,Paired T-Test,-77.28724145038872,8.013868614999958e-20,True,ICC_SLOWER,15,False,
10000,0.1,4685.82712667024,28893.731566666003,0.162740778171881,-521.6718834404948,66.90659639544194,Wilcoxon Signed-Rank,0.0,1.0,False,ICC_SLOWER,15,False,
50000,0.01,143851.86762666758,580845.3107066686,0.2477848300896428,-304.1532090419498,14.973241284592174,Paired T-Test,-132.4695935214662,4.286707530161127e-23,True,ICC_SLOWER,15,False,
50000,0.05,172540.42916000087,791154.3131133348,0.2180714560737216,-362.0193324245917,40.05734609966128,Wilcoxon Signed-Rank,0.0,1.0,False,ICC_SLOWER,15,False,
50000,0.1,222145.27294000532,907059.478840001,0.2464665341425951,-317.451748862865,75.81020023610292,Wilcoxon Signed-Rank,0.0,1.0,False,ICC_SLOWER,15,False,
