N,run_idx,seed,n_landmarks,landmark_pct,fr_elapsed_ms,lba_init_ms,lba_elapsed_ms,speedup_ratio,pearson_r,pearson_p,rmse,nrmse,h2_criterion
1000,0,42,50,5.0,532.879000000321,25.652599999375525,8.72940000044764,61.04417256317675,0.97705207090604,0.0,12.346832718544993,57.85447592767845,MEETS_TARGET
1000,1,43,50,5.0,528.3839000003354,36.86740000011923,9.215599999151891,57.33581102141612,0.9846227118145976,0.0,11.970596823096283,64.03745305876141,MEETS_TARGET
