N,n_runs,mean_pearson_r,std_pearson_r,min_pearson_r,max_pearson_r,n_above_095,all_above_095,mean_rmse,mean_nrmse,mean_fr_ms,mean_lba_ms,mean_init_ms,mean_speedup,h2_verdict
1000,2,0.9808373913603188,0.005353251524369389,0.97705207090604,0.9846227118145976,2,True,12.158714770820637,60.94596449321993,530.6314500003282,8.972499999799766,31.25999999974738,59.18999179229644,ACCEPTED
