N,mean_pearson_r,std_pearson_r,min_pearson_r,mean_rmse,mean_nrmse,mean_fr_ms,mean_lba_ms,mean_speedup,all_meet_target,h2_verdict
50000,0.9997660155396154,3.177011514615973e-05,0.9997162293262545,448.03988280582496,2767.308914489812,136254.1214200002,803.8854400001583,170.8211173639301,True,ACCEPTED
75000,0.9998419267913479,4.7171903075287286e-05,0.9997628859811354,653.9373256286433,4128.480041539998,392288.8492400001,1701.2039200006257,231.70854473851713,True,ACCEPTED
100000,0.9998854294043902,1.076468958223271e-05,0.999870669609964,855.7392900086286,5470.865204016594,807168.6813600005,2815.975400000025,287.0392819925498,True,ACCEPTED
