{
  "results": [
    {
      "N": 10000,
      "status": "OK",
      "n_landmarks": 500,
      "gen_time_s": 0.057625500000085594,
      "init_time_s": 7.187965899999881,
      "compute_time_s": 0.037929300000087096,
      "peak_mem_mb": 87.8305778503418,
      "fr_time_s": 3.832253000000037,
      "pearson_r": 0.998874851405139,
      "pearson_p": 0.0,
      "max_diff": 0.0029280370944870238,
      "mean_diff": 0.0009946469515191042,
      "large_diff_count": 0,
      "sample_size": 50
    },
    {
      "N": 50000,
      "status": "OK",
      "n_landmarks": 2500,
      "gen_time_s": 0.3419925999999123,
      "init_time_s": 104.1407944,
      "compute_time_s": 0.7077838999998676,
      "peak_mem_mb": 672.5458374023438,
      "fr_time_s": 147.55096930000013,
      "pearson_r": 0.9997557715459773,
      "pearson_p": 0.0,
      "max_diff": 0.001189283069752134,
      "mean_diff": 0.0004288787930483967,
      "large_diff_count": 0,
      "sample_size": 50
    },
    {
      "N": 100000,
      "status": "OK",
      "n_landmarks": 5000,
      "gen_time_s": 0.9425484999999298,
      "init_time_s": 462.2467379000002,
      "compute_time_s": 2.8388749000000644,
      "peak_mem_mb": 2298.6211404800415,
      "fr_time_s": 871.6342250000002,
      "pearson_r": 0.9998914985600752,
      "pearson_p": 0.0,
      "max_diff": 0.0005383727107794167,
      "mean_diff": 0.00019765450840253718,
      "large_diff_count": 0,
      "sample_size": 50
    }
  ]
}